,full_name,brand,Category,price_oz,moisturising effect,cleanliness,mildness,antioxidant,whitening,viscosity,fragrance
0,FRESH Soy Face Cleanser,FRESH,face-wash-facial-cleanser,0.03659012659904758,0.7466857548963316,0.49313358302122345,0.44578374016542266,0.5751740249929722,0.5687933670740459,0.5005686156123228,0.08998875140607425
1,YOUTH TO THE PEOPLE Superfood Antioxidant Cleanser,YOUTH TO THE PEOPLE,face-wash-facial-cleanser,0.019621936318550998,0.29367293489146234,0.32916666666666666,0.5903617262301951,0.6221270066250516,0.33094758120707235,0.25153663780612007,0.0
2,FARMACY Green Clean Makeup Removing Cleansing Balm,FARMACY,face-wash-facial-cleanser,0.054840796377488676,0.3534104016414382,0.18775995246583482,0.6791367297217611,0.49032528325457875,0.3845421860466637,0.2912958124394436,0.2617230098146129
3,FRESH Sugar Strawberry Exfoliating Face Wash,FRESH,face-wash-facial-cleanser,0.03892556807097165,0.3889352401850992,0.11181882519462139,0.3626495554072718,0.31233835373593777,0.1955671439324668,0.31857409344841925,0.22630834512022632
4,PHILOSOPHY Purity Made Simple Cleanser,PHILOSOPHY,face-wash-facial-cleanser,0.010996909365341768,0.3347089618437658,0.29259259259259257,0.3450171474682268,0.21169599530991337,0.5007708918573917,0.2708534474248746,0.08998875140607425
5,FRESH Soy Face Cleanser Limited Edition,FRESH,face-wash-facial-cleanser,0.029791744218603665,0.7466857548963316,0.49313358302122345,0.44578374016542266,0.5751740249929722,0.5687933670740459,0.5005686156123228,0.08998875140607425
6,TATCHA The Deep Cleanse Exfoliating Cleanser,TATCHA,face-wash-facial-cleanser,0.03744699202185007,0.29367293489146234,0.7117117117117118,0.2795153706491209,0.1574598312222496,0.13204961000568272,0.25153663780612007,0.11661807580174927
7,DRUNK ELEPHANT Beste™ No. 9 Jelly Cleanser,DRUNK ELEPHANT,face-wash-facial-cleanser,0.030546970459282688,0.22865657540331835,0.4681481481481482,0.2827780450334415,0.3985907861483724,0.4240333124753181,0.3005893054552101,0.0
8,YOUTH TO THE PEOPLE Limited Edition Pride Superfood Antioxidant Cleanser,YOUTH TO THE PEOPLE,face-wash-facial-cleanser,0.019621936318550998,0.29367293489146234,0.32916666666666666,0.5903617262301951,0.6221270066250516,0.33094758120707235,0.25153663780612007,0.0
9,TATCHA Pure One Step Camellia Oil Cleanser,TATCHA,face-wash-facial-cleanser,0.04786467163592238,0.28631365592390173,0.0,0.5060248909855528,0.5035939976535384,0.23068252854239626,0.1710118578793109,0.0
10,FIRST AID BEAUTY Pure Skin Face Cleanser,FIRST AID BEAUTY,face-wash-facial-cleanser,0.01789693092790915,0.3380535102612,0.22082459818308878,0.4525418599959653,0.3872487719083781,0.12805200297532568,0.31422428425936405,0.0
11,CLINIQUE Take The Day Off Cleansing Balm,CLINIQUE,face-wash-facial-cleanser,0.038385152848339495,0.22035555847993854,0.0,0.5566254403252587,0.17479485851277252,0.17550897532400866,0.18599746231391706,0.0
12,DRUNK ELEPHANT Slaai™ Makeup-Melting Butter Cleanser,DRUNK ELEPHANT,face-wash-facial-cleanser,0.04413361085567825,0.35086713272372044,0.1020671834625323,0.8799172886826709,0.6750935283505111,0.2995824343897508,0.2316396967296594,0.0
13,THE ORDINARY Squalane Cleanser,THE ORDINARY,face-wash-facial-cleanser,0.020467527196316608,0.3569172262488048,0.0,0.16867367048928478,0.08247895921165456,0.14991391642259075,0.2014258232431821,0.0
14,ORIGINS Checks and Balances™ Frothy Face Wash,ORIGINS,face-wash-facial-cleanser,0.02077193991231223,0.32873451210663973,0.21151271753681394,0.33032153442684004,0.14884874670228282,0.36494723440389104,0.397638272237717,0.20592020592020593
15,KORRES Greek Yoghurt Foaming Cream Cleanser,KORRES,face-wash-facial-cleanser,0.02323412709382665,0.4005936699543043,0.5452035886818496,0.09108331652208998,0.07471623363879296,0.4972754300846913,0.4345042758531499,0.0
16,KATE SOMERVILLE ExfoliKate® Cleanser Daily Foaming Wash,KATE SOMERVILLE,face-wash-facial-cleanser,0.04837202616258176,0.2993168596250027,0.3153692614770459,0.09406666563212862,0.07356231497255677,0.47151086748193943,0.2551393761080306,0.0
17,OLEHENRIKSEN The Clean Truth™ Foaming Cleanser,OLEHENRIKSEN,face-wash-facial-cleanser,0.018389789610949676,0.4048541792756649,0.2029543994861914,0.5700020173492032,0.5169320815707187,0.5078953999291377,0.30464294780239104,0.09603841536614646
18,LA MER The Cleansing Foam,LA MER,face-wash-facial-cleanser,0.12380678570572912,0.42999340546160925,0.16961889425657542,0.24866544591176426,0.1931010768029615,0.6084945896736789,0.46517552843997617,0.3047619047619048
19,OLEHENRIKSEN Find Your Balance™ Oil Control Cleanser,OLEHENRIKSEN,face-wash-facial-cleanser,0.023646948896715307,0.26894015345590366,0.8031953522149601,0.349117797675393,0.3097990175267025,0.464582581740023,0.31857409344841925,0.1098901098901099
20,BOSCIA MakeUp-BreakUp Cool Cleansing Oil,BOSCIA,face-wash-facial-cleanser,0.030546970459282688,0.36970252538965437,0.19082125603864733,0.7301834235967786,0.7162646457854212,0.4367809351929929,0.4839454664429696,0.17718715393134
21,CLINIQUE Liquid Facial Soap,CLINIQUE,face-wash-facial-cleanser,0.009623770745925369,0.4249632973982949,0.7846058348851646,0.11077186884126566,0.13856465147557964,0.15707166882532494,0.2410715408339036,0.0
22,DERMALOGICA Special Cleansing Gel,DERMALOGICA,face-wash-facial-cleanser,0.03618746427630205,0.21191078266390453,0.24726134585289516,0.16867367048928478,0.16424689291286382,0.23068252854239626,0.2078714495869639,0.12987012987012989
23,TATA HARPER Regenerating Exfoliating Cleanser,TATA HARPER,face-wash-facial-cleanser,0.1358061229235459,0.18450247987861235,0.09096142774899252,0.27352539532285347,0.1351251033893064,0.3354665224547508,0.33954638775279267,0.16684045881126175
24,CAUDALIE Instant Foaming Cleanser,CAUDALIE,face-wash-facial-cleanser,0.02594695608423776,0.16124441013954258,0.6181533646322379,0.44578374016542266,0.24426460997297694,0.29719519821532137,0.31422428425936405,0.3852327447833066
25,BOSCIA Detoxifying Black Charcoal Cleanser,BOSCIA,face-wash-facial-cleanser,0.02757049056954775,0.37817361270583294,0.9239766081871345,0.4525418599959653,0.15365031917655,0.5011619924753162,0.2688800524222942,0.1098901098901099
26,KIEHL'S SINCE 1851 Calendula Deep Clean Foaming Face Wash,KIEHL'S SINCE 1851,face-wash-facial-cleanser,0.016149522869856374,0.16061602014659243,0.2404870624048706,0.03012057541006502,0.0,0.2943721967074643,0.3118765395646091,0.2511773940345369
27,EVE LOM Cleanser,EVE LOM,face-wash-facial-cleanser,0.12904139590142105,0.18457338862781683,0.0,0.31788768020359714,0.081421536657659,0.22157432317807918,0.2014258232431821,0.25974025974025977
28,GLOW RECIPE Blueberry Bounce Gentle Cleanser,GLOW RECIPE,face-wash-facial-cleanser,0.02988375212055162,0.12954092655291347,0.5520614954577219,0.8274584503654506,0.3825831240540603,0.46076443886765295,0.14850684956272478,0.0
29,KIEHL'S SINCE 1851 Ultra Facial Cleanser,KIEHL'S SINCE 1851,face-wash-facial-cleanser,0.01674692733414792,0.5326228959730801,0.4444444444444445,0.16867367048928478,0.15242111662313762,0.3198993380019165,0.41644480020216174,0.0
30,MURAD Clarifying Cleanser,MURAD,face-wash-facial-cleanser,0.01930249087583955,0.4902738989481897,0.43888888888888894,0.33032153442684004,0.22772079176763588,0.35647822988031985,0.357009907403433,0.3234501347708895
31,KATE SOMERVILLE EradiKate® Daily Cleanser Acne Treatment,KATE SOMERVILLE,face-wash-facial-cleanser,0.04837202616258176,0.3120088834969892,0.3312368972746331,0.16867367048928478,0.15242111662313762,0.2524219994753225,0.37868054769718223,0.1078167115902965
32,DRUNK ELEPHANT Baby Pekee Bar™ + Juju Bar Travel Duo,DRUNK ELEPHANT,face-wash-facial-cleanser,0.03974699920937253,0.336648222098074,0.2831541218637993,0.349117797675393,0.20709390845535003,0.5951048867503558,0.23360006176523684,0.0
33,DERMALOGICA Precleanse Cleansing Oil,DERMALOGICA,face-wash-facial-cleanser,0.04448230812485996,0.32314899270800734,0.0,0.5502669108176471,0.3635999919445077,0.2902207239017921,0.32023291898661826,0.2881152460984394
34,DR. DENNIS GROSS SKINCARE Alpha Beta® Pore Perfecting Cleansing Gel,DR. DENNIS GROSS SKINCARE,face-wash-facial-cleanser,0.022880279834207814,0.5738169191207131,0.2786596119929453,0.3281063298210767,0.2741386989624777,0.4646372406296274,0.4583669326848927,0.0
35,MURAD AHA/BHA Exfoliating Cleanser,MURAD,face-wash-facial-cleanser,0.026969181500914416,0.2603523463380042,0.9035947712418301,0.0,0.16495791842330912,0.37883084837695863,0.31901495248785056,0.0
36,PETER THOMAS ROTH Anti-Aging Cleansing Gel,PETER THOMAS ROTH,face-wash-facial-cleanser,0.019452818142997874,0.2895157967460798,0.7777777777777778,0.6536133827842523,0.07501039203894568,0.5214397092959678,0.24458849965243534,0.3204272363150868
37,TATA HARPER Clarifying Blemish & Oil Control Cleanser,TATA HARPER,face-wash-facial-cleanser,0.0891130071366839,0.41552583736608734,0.1773288439955107,0.35791654381527294,0.26647048360688397,0.4663755480140198,0.31622542313726415,0.3242147922998987
38,CAUDALIE Micellar Cleansing Water,CAUDALIE,face-wash-facial-cleanser,0.017563497933268325,0.11411516066828148,0.0,0.16867367048928478,0.0,0.22605556021732318,0.20460623097860073,0.12987012987012989
39,IT COSMETICS Confidence in a Cleanser,IT COSMETICS,face-wash-facial-cleanser,0.02594695608423776,0.8333625275483564,0.6053639846743295,0.43169333188498005,0.5040354375073784,0.9299020995618182,0.6774306385667708,0.2255639097744361
40,FARMACY Clean Bee Ultra Gentle Facial Cleanser,FARMACY,face-wash-facial-cleanser,0.02594695608423776,0.38373859120143566,0.35111111111111115,0.4273094768858336,0.19641896472053816,0.31109343798530376,0.3500448374930805,0.1554907677356657
41,AMOREPACIFIC Treatment Cleansing Foam,AMOREPACIFIC,face-wash-facial-cleanser,0.06386902581021785,0.70737072503298,0.3795795795795796,0.33493816048788816,0.5624395447348252,0.46965492669531694,0.8134558373099748,0.0
42,SK-II Facial Treatment Cleanser,SK-II,face-wash-facial-cleanser,0.11353889647571813,0.32454725955746233,0.11626195732155997,0.28990859856302664,0.0790565957588888,0.34878501203066353,0.3714032276316222,0.0
43,SKINFIX Barrier+ Foaming Oil Cleanser,SKINFIX,face-wash-facial-cleanser,0.020580272646685358,0.37817361270583294,0.32916666666666666,0.4393359817507487,0.3060664992432482,0.30694035410545806,0.40285164648636407,0.0
44,CLINIQUE Acne Solutions Cleansing Foam,CLINIQUE,face-wash-facial-cleanser,0.022496945302954072,0.40905687037260147,0.0,0.019459660774972454,0.32849378582572764,0.3198993380019165,0.3464524159782732,0.0
45,INDIE LEE Brightening Cleanser,INDIE LEE,face-wash-facial-cleanser,0.040294619968306446,0.23744702499397471,0.0,0.479035086358064,0.16354197062568415,0.23305290165974923,0.17242050469616385,0.0
46,ESTÉE LAUDER Nutritious Super-Pomegranate Radiant Energy 2-in-1 Cleansing Foam,ESTÉE LAUDER,face-wash-facial-cleanser,0.03755651617363686,0.33251325221199496,0.3172690763052209,0.5417048152573672,0.22327312005342426,0.3779365051455647,0.2675783041398903,0.0
47,PHILOSOPHY The Microdelivery Exfoliating Facial Wash,PHILOSOPHY,face-wash-facial-cleanser,0.01674692733414792,0.3003379422583098,0.3172690763052209,0.2462640244564796,0.22327312005342426,0.5383060518326978,0.3524951906755686,0.10113780025284451
48,DRUNK ELEPHANT Pekee™ Cleansing Bar,DRUNK ELEPHANT,face-wash-facial-cleanser,0.033996981240566375,0.2841639933467255,0.25259792166266987,0.3534124237674773,0.08283756338214002,0.37527528870092913,0.20460623097860073,0.0
49,MURAD Time Release Acne Cleanser,MURAD,face-wash-facial-cleanser,0.026969181500914416,0.7182861397586525,0.7430922986478542,0.314155584177775,0.5463122459610668,0.42239877889431354,0.5695802037973116,0.163265306122449
50,BIOSSANCE Squalane + Antioxidant Cleansing Oil,BIOSSANCE,face-wash-facial-cleanser,0.019114581791891638,0.2220365364933517,0.0,0.5471632966589594,0.23140857786913607,0.2613694812379122,0.11704151386083123,0.33613445378151263
51,SHISEIDO Benefiance Extra Creamy Cleansing Foam,SHISEIDO,face-wash-facial-cleanser,0.040792457021882736,0.3044873099019399,0.4444444444444445,0.2568434692199066,0.15242111662313762,0.2995824343897508,0.3950773164664519,0.3296703296703297
52,TARTE Deep Dive Cleansing Gel Rainforest of the Sea™,TARTE,face-wash-facial-cleanser,0.022496945302954072,0.41726499457496247,0.43081117927743695,0.3337587871075868,0.30122750320778185,0.35373000986935965,0.2270822968182913,0.10296010296010297
53,CLARINS Gentle Foaming Cleanser with Cottonseed,CLARINS,face-wash-facial-cleanser,0.027724234365505113,0.2632618080303881,0.4530465949820789,0.2681483837929269,0.15427238524609072,0.31201595613157096,0.23959071606820603,0.33946251768033947
54,SUNDAY RILEY Ceramic Slip Cleanser,SUNDAY RILEY,face-wash-facial-cleanser,0.033996981240566375,0.20556166693332106,0.4842911877394636,0.3024510792818237,0.0800531074701353,0.2130223440955525,0.2306774714593894,0.12288786482334871
55,ORIGINS GinZing™ Refreshing Scrub Cleanser,ORIGINS,face-wash-facial-cleanser,0.017321929131028535,0.3414607689614611,0.9404761904761905,0.16867367048928478,0.3635999919445077,0.28133604324761474,0.4404056135317032,0.0
56,BELIF Witch Hazel Herbal Extract Toner,BELIF,face-wash-facial-cleanser,0.017598781848045128,0.2748463923433128,0.2029543994861914,0.43169333188498005,0.1448869929877734,0.22469620407723404,0.410362439895432,0.0
57,IT COSMETICS Bye Bye Makeup Cleansing Balm,IT COSMETICS,face-wash-facial-cleanser,0.07122936709531827,0.9069742907461743,0.25442834138486314,0.4385523191756801,0.7390156332018153,0.7320689075414446,0.5471117063785101,0.15394572205203436
58,SHISEIDO Clarifying Cleansing Foam,SHISEIDO,face-wash-facial-cleanser,0.038746996084362766,0.39784540487223363,0.6624737945492662,0.25488431278223495,0.3036277223568478,0.2995824343897508,0.42891851772959944,0.21164021164021163
59,OLEHENRIKSEN Truth™ On the Glow Cleansing Cloths,OLEHENRIKSEN,face-wash-facial-cleanser,0.07999712499101559,0.33917848117761196,0.0943847072879331,0.4380828975341786,0.8627610374894582,0.4454297487298035,0.3803807375622992,0.26578073089701
60,DRUNK ELEPHANT JuJu Exfoliating Bar,DRUNK ELEPHANT,face-wash-facial-cleanser,0.033996981240566375,0.2555092994887727,0.3632183908045977,0.5700020173492032,0.2432251861007515,0.3616129806544536,0.1983269644240562,0.0
61,KIEHL'S SINCE 1851 Rare Earth Deep Pore Daily Cleanser,KIEHL'S SINCE 1851,face-wash-facial-cleanser,0.02019693811543161,0.25456032409263957,0.11942554799697656,0.16867367048928478,0.1614630472702729,0.07623117110032701,0.23241441143444083,0.0
62,CLINIQUE Pep-Start 2-in-1 Exfoliating Cleanser,CLINIQUE,face-wash-facial-cleanser,0.02044336745695187,0.4144455524581369,0.7877492877492878,0.08246302819633465,0.3060664992432482,0.47151086748193943,0.3502760926228895,0.0
63,LA MER The Cleansing Foam Mini,LA MER,face-wash-facial-cleanser,0.13749730467907714,0.42999340546160925,0.16961889425657542,0.24866544591176426,0.1931010768029615,0.6084945896736789,0.46517552843997617,0.3047619047619048
64,CLINIQUE Take The Day Off Cleansing Oil,CLINIQUE,face-wash-facial-cleanser,0.017776781298710215,0.3211189867330206,0.0,0.16867367048928478,0.08660290717223729,0.09350478172532657,0.18283267032842682,0.0
65,JACK BLACK Pure Clean Daily Facial Cleanser,JACK BLACK,face-wash-facial-cleanser,0.011955245693476125,0.3545200895245978,1.0,0.3968824195775981,0.07442437335114141,0.18183362308343243,0.3350777812539523,0.2077922077922078
66,BIOSSANCE Squalane + Tea Tree Balancing Oil,BIOSSANCE,face-wash-facial-cleanser,0.2727081232524891,0.2312313456043653,0.1154970760233918,0.6120482301640261,0.23815799472365254,0.1467075024503252,0.1983269644240562,0.3609022556390978
67,REN CLEAN SKINCARE Evercalm™ Gentle Cleansing Milk,REN CLEAN SKINCARE,face-wash-facial-cleanser,0.0298253995769227,0.41304925731456615,0.09974747474747475,0.6536133827842523,0.2897739859755468,0.34569949685032014,0.22267514086004522,0.2881152460984394
68,DRUNK ELEPHANT Baby Bar Travel Duo with Case,DRUNK ELEPHANT,face-wash-facial-cleanser,0.05699705311579099,0.3358204562833486,0.2786596119929453,0.34109495507518506,0.20486709223540003,0.583916477104537,0.23164624361448852,0.0
69,CAUDALIE Make-Up Removing Cleansing Oil,CAUDALIE,face-wash-facial-cleanser,0.04138014040761333,0.26638910191768,0.0,0.3450171474682268,0.16712841734993159,0.08970458738782666,0.06678144743767243,0.0
70,NEOGEN DERMALOGY Green Tea Real Fresh Foam Cleanser,NEOGEN DERMALOGY,face-wash-facial-cleanser,0.013255844995944187,0.5400335610035246,0.793219033806416,0.7772264552070887,1.0,0.7004591156216745,0.40201530949054365,0.03196803196803197
71,GLAMGLOW SUPERCLEANSE™ Clearing Cream-to-Foam Cleanser,GLAMGLOW,face-wash-facial-cleanser,0.030546970459282688,0.3545200895245978,0.4444444444444445,0.3534124237674773,0.22954987443243619,0.5677262159541877,0.47225861690509924,0.217687074829932
72,LA MER The Cleansing Micellar Water,LA MER,face-wash-facial-cleanser,0.07527696098677174,0.4065004927293824,0.0,0.21778060551512238,0.2731561229805334,0.3736183110640726,0.36986755318458203,0.3411513859275053
73,TATA HARPER Purifying Pore Detox Cleanser,TATA HARPER,face-wash-facial-cleanser,0.09191789395073567,0.264928758976317,0.0,0.33983023230551984,0.06903130281845,0.37264632942531944,0.26437139300667645,0.54421768707483
74,LA MER The Cleansing Gel,LA MER,face-wash-facial-cleanser,0.07527696098677174,0.2868722411109042,0.4744744744744745,0.32385437842367437,0.2761252112738,0.3786893926874217,0.33187283806830864,0.3489640130861505
75,CLINIQUE Blackhead Solutions Self-heating Blackhead Extractor,CLINIQUE,face-wash-facial-cleanser,0.2389682100109504,0.2748463923433128,0.0,0.31235936748343446,0.1621501240671677,0.1391071137753254,0.2962744387450349,0.0
76,CLINIQUE Rinse-Off Foaming Cleanser,CLINIQUE,face-wash-facial-cleanser,0.01789693092790915,0.2603523463380042,0.1253968253968254,0.16867367048928478,0.08283756338214002,0.08264708361818397,0.16962174588899542,0.0
77,SHISEIDO White Lucent Brightening Cleansing Foam,SHISEIDO,face-wash-facial-cleanser,0.04268317859769907,0.2593704227500157,0.24553224553224554,0.16867367048928478,0.081421536657659,0.22605556021732318,0.31660354230572646,0.25974025974025977
78,CLINIQUE Blackhead Solutions 7 Day Deep Pore Cleanse & Scrub,CLINIQUE,face-wash-facial-cleanser,0.02660410099495846,0.3380535102612,0.22507122507122507,0.16867367048928478,0.31233835373593777,0.7378362395462055,0.4551472950054014,0.0
79,JOSIE MARAN Argan Cleansing Oil,JOSIE MARAN,face-wash-facial-cleanser,0.02633029061549151,0.11650390344970155,0.0,0.16867367048928478,0.2453129559385262,0.23791216655032288,0.06536334661533723,0.0
80,HERBIVORE Bamboo Charcoal Detoxifying Soap Bar,HERBIVORE,face-wash-facial-cleanser,0.010996909365341768,0.16187706040363137,0.11861861861861862,0.16867367048928478,0.0800531074701353,0.22605556021732318,0.06197717638251757,0.12288786482334871
81,PHILOSOPHY Purity Made Simple One-Step Facial Cleansing Cloths,PHILOSOPHY,face-wash-facial-cleanser,0.07999712499101559,0.3630400740631148,0.0,0.4189646343166618,0.21487939373562634,0.2791851632791193,0.3416449046168889,0.09291521486643439
82,MURAD Essential-C Cleanser,MURAD,face-wash-facial-cleanser,0.028246963271760222,0.3704622554356581,0.4334705075445816,0.251218168557285,0.3795346529460598,0.23210010462238187,0.3875710667920537,0.31746031746031744
83,BIOSSANCE Squalane + Tea Tree Detox Mask,BIOSSANCE,face-wash-facial-cleanser,0.08238349608478893,0.1831642556989949,0.23252391464311994,0.28623469530268,0.23815799472365254,0.07725967616044148,0.16293681243238295,0.2380952380952381
84,ORIGINS Zero Oil™ Deep Pore Cleanser,ORIGINS,face-wash-facial-cleanser,0.02077193991231223,0.4132279268293334,0.8734107241569928,0.23387672444561694,0.32183512800493586,0.5086109412763433,0.3597917446072893,0.14842300556586271
85,KORRES Greek Yoghurt Foaming Cream Cleanser Mini,KORRES,face-wash-facial-cleanser,0.025439867885413907,0.40905687037260147,0.5590941259731069,0.16867367048928478,0.07590693058921195,0.4532929650454613,0.45208906994580866,0.1078167115902965
86,PETER THOMAS ROTH 3% Glycolic Solutions Cleanser,PETER THOMAS ROTH,face-wash-facial-cleanser,0.019452818142997874,0.31382411505934327,0.5201646090534979,0.16867367048928478,0.0,0.16016392830114454,0.24911030384769048,0.0
87,SEPHORA COLLECTION Clean Skin Gel - Cleanse + Tone,SEPHORA COLLECTION,face-wash-facial-cleanser,0.007372490456094288,0.12153551058503322,0.0,0.16867367048928478,0.08621103881399188,0.18183362308343243,0.19091664985658127,0.15037593984962405
88,BIOSSANCE Squalane + Tea Tree Cleansing Gel,BIOSSANCE,face-wash-facial-cleanser,0.026636504590161654,0.20326747072769222,0.35111111111111115,0.28623469530268,0.1581131915177776,0.34569949685032014,0.2607134240468357,0.2380952380952381
89,JACK BLACK Deep Dive™ Glycolic Facial Cleanser,JACK BLACK,face-wash-facial-cleanser,0.019046934521670382,0.24830132986407819,0.1972534332084894,0.5323784547105105,0.43301453586118643,0.3889161151309794,0.46193655463769756,0.0
90,FRESH Seaberry Skin Nutrition Cleansing Oil,FRESH,face-wash-facial-cleanser,0.04319700999065622,0.31422131825937366,0.0,0.710002172529911,0.5511094092778737,0.2568322830391522,0.3488105719577055,0.33946251768033947
91,CLARINS One-Step Gentle Exfoliating Cleanser with Orange Extract,CLARINS,face-wash-facial-cleanser,0.04456096774139629,0.34261076327722323,0.3153692614770459,0.16867367048928478,0.14769488044877677,0.34309173885919114,0.5098157043465367,0.30612244897959184
92,KORRES Wild Rose Foaming Cream Cleanser,KORRES,face-wash-facial-cleanser,0.017563497933268325,0.4963754848200549,0.8118175979447656,0.22929113452615574,0.3581323228927106,0.5685290739128145,0.4541382239026126,0.0
93,THE ORDINARY Glycolic Acid 7% Toning Solution,THE ORDINARY,facial-toner-skin-toner,0.0,0.3461044168947284,0.20653594771241832,0.24187241042193636,0.14655876598378617,0.2902207239017921,0.1947487241301484,0.0
94,SK-II Facial Treatment Essence,SK-II,facial-toner-skin-toner,0.18434930294342355,0.07361441209039774,0.0,0.16867367048928478,0.0,0.023834552204495003,0.15813430302375187,0.0
95,FRESH Rose Deep Hydration Facial Toner,FRESH,facial-toner-skin-toner,0.024550523148956272,0.3068300628361269,0.11942554799697656,0.4273094768858336,0.1614630472702729,0.2943721967074643,0.3118765395646091,0.12422360248447205
96,DR. JART+ Ceramidin™ Liquid,DR. JART+,facial-toner-skin-toner,0.037977762911278336,0.6203783292940502,0.2700854700854701,0.4958605546158502,0.47462091475176305,0.40924263752329526,0.7210697763003552,0.08048289738430585
97,OLEHENRIKSEN Balancing Force™ Oil Control Toner,OLEHENRIKSEN,facial-toner-skin-toner,0.018516163632242125,0.17639309746959078,0.44727530077848554,0.4393359817507487,0.30854477049218143,0.2636873977090179,0.15076783176884884,0.2197802197802198
98,OLEHENRIKSEN Glow2OH™ Dark Spot Toner,OLEHENRIKSEN,facial-toner-skin-toner,0.018516163632242125,0.20027851793691648,0.5626780626780626,0.35791654381527294,0.23047547876482502,0.47238982910591387,0.05411084245704418,0.332871012482663
99,KIEHL'S SINCE 1851 Calendula Herbal Extract Alcohol Free Toner,KIEHL'S SINCE 1851,facial-toner-skin-toner,0.017705263662282276,0.1430364269291822,0.11942554799697656,0.5441101162303502,0.1614630472702729,0.016223518727429373,0.14308179168308796,0.0
100,CAUDALIE Beauty Elixir,CAUDALIE,facial-toner-skin-toner,0.09724717889743406,0.13003908843175452,0.0,0.3337587871075868,0.0,0.1955671439324668,0.11704151386083123,0.10484927916120577
101,LANCÔME Tonique Confort Re-Hydrating Comforting Toner with Acacia Honey,LANCÔME,facial-toner-skin-toner,0.0194932045729807,0.41050020687804745,0.0,0.3903609503266554,0.15681184837771361,0.322602211786035,0.4551472950054014,0.11544011544011545
102,MARIO BADESCU Drying Lotion,MARIO BADESCU,facial-toner-skin-toner,0.0914971609286279,0.07326083412662257,0.0,0.9445772101612329,0.0,0.27706133840456715,0.0761595448466922,0.0
103,CAUDALIE Moisturizing Toner,CAUDALIE,facial-toner-skin-toner,0.017776781298710215,0.26845843893671784,0.0,0.16867367048928478,0.0,0.16950866847532461,0.38053540419898996,0.14285714285714288
104,CLINIQUE Clarifying Lotion 2,CLINIQUE,facial-toner-skin-toner,0.007478241653087255,0.19040563324988538,0.1281427412814274,0.3842041557393585,0.08393233294225641,0.08847973136169034,0.10247031813310872,0.0
105,REN CLEAN SKINCARE Ready Steady Glow Daily AHA Tonic,REN CLEAN SKINCARE,facial-toner-skin-toner,0.017423400036360406,0.1599918475361453,0.11703703703703705,0.5213567449294704,0.0,0.36494723440389104,0.16423951741367154,0.3686635944700461
106,SK-II Facial Treatment Clear Lotion Toner,SK-II,facial-toner-skin-toner,0.07467303427915804,0.21605935260150166,0.2581699346405229,0.16867367048928478,0.16860742989285135,0.16567653973162724,0.29439158781695846,0.0
107,KIEHL'S SINCE 1851 Ultra Facial Toner,KIEHL'S SINCE 1851,facial-toner-skin-toner,0.0046992706376016965,0.2768681688423698,0.0,0.3903609503266554,0.23915447168902346,0.35191799667532,0.41154060356744265,0.0
108,GLAMGLOW SUPERTONER ™ Exfoliating Acid Solution Toner,GLAMGLOW,facial-toner-skin-toner,0.028246963271760222,0.12806541851177478,0.5520614954577219,0.33734734097856955,0.22772079176763588,0.44963727963960315,0.1773960759089077,0.3234501347708895
109,INDIE LEE CoQ-10 Toner,INDIE LEE,facial-toner-skin-toner,0.040294619968306446,0.04459951769817136,0.0,0.5381511770456697,0.16639859893355635,0.31201595613157096,0.10057951703666178,0.13445378151260504
110,FRESH Rose Floral Toner,FRESH,facial-toner-skin-toner,0.02080576354742285,0.09661572061725633,0.0,0.16867367048928478,0.0,0.020191298046124895,0.1116474563119352,0.0
111,CLINIQUE Clarifying Lotion 3,CLINIQUE,facial-toner-skin-toner,0.007478241653087255,0.21029099972581197,0.25442834138486314,0.16867367048928478,0.16712841734993159,0.08153566570170481,0.13236554098837677,0.0
112,ESTÉE LAUDER Micro Essence Skin Activating Treatment Lotion,ESTÉE LAUDER,facial-toner-skin-toner,0.10874721483504637,0.25456032409263957,0.12191358024691358,0.16867367048928478,0.32991583684661824,0.28616579697532163,0.23241441143444083,0.0
113,BELIF Witch Hazel Herbal Extract Toner v2,BELIF,facial-toner-skin-toner,0.017598781848045128,0.2748463923433128,0.2029543994861914,0.43169333188498005,0.1448869929877734,0.22469620407723404,0.410362439895432,0.0
114,MARIO BADESCU Witch Hazel & Rosewater Toner,MARIO BADESCU,facial-toner-skin-toner,0.0038093869043340765,0.2236589886524337,0.11041229909154439,0.4596374978662653,0.15365031917655,0.3338111883613499,0.18531175738372752,0.1098901098901099
115,TARTE Knockout Tingling Treatment,TARTE,facial-toner-skin-toner,0.0385969956156113,0.11001214365548932,0.33760683760683763,0.4670978104002111,0.23234926314502688,0.34569949685032014,0.1566645291891416,0.0
116,CAUDALIE Vinopure Natural Salicylic Acid Pore Minimizing Toner,CAUDALIE,facial-toner-skin-toner,0.017776781298710215,0.08598964082252887,0.0,0.16867367048928478,0.076825159588275,0.2011307235464917,0.18668734837172973,0.0
117,HERBIVORE Rose Hibiscus Coconut Water Hydrating Face Mist,HERBIVORE,facial-toner-skin-toner,0.03974699920937253,0.020957398559047786,0.23885109599395313,0.4189646343166618,0.0800531074701353,0.08492369773742355,0.02877511760616887,0.0
118,HERBIVORE Jasmine Green Tea Balancing Toner,HERBIVORE,facial-toner-skin-toner,0.049809530654783295,0.043666358558640386,0.22652329749103944,0.7228899303238623,0.5557019876885226,0.010969310957750545,0.06197717638251757,0.0
119,ALPHA-H Liquid Gold,ALPHA-H,facial-toner-skin-toner,0.09581818034897337,0.14663266560596155,0.13401187446988974,0.16867367048928478,0.0,0.18183362308343243,0.1116474563119352,0.0
120,AMOREPACIFIC Treatment Toner,AMOREPACIFIC,facial-toner-skin-toner,0.07830594323548438,0.34728375605238354,0.21024617431803064,0.5490177061187753,0.5292399882747834,0.35373000986935965,0.25845875297046506,0.10113780025284451
121,SHISEIDO Benefiance WrinkleResist24 Balancing Softener Enriched,SHISEIDO,facial-toner-skin-toner,0.04549701717817868,0.5144466642551735,0.0,0.08785167827935632,0.5356163736756844,0.2948395810630698,0.357009907403433,0.4272363150867824
122,LA MER The Tonic,LA MER,facial-toner-skin-toner,0.07527696098677174,0.37955756685697317,0.0,0.28990859856302664,0.28650585831416847,0.4416975878987552,0.2708534474248746,0.28103044496487123
123,PERRICONE MD No:Rinse Intensive Pore Minimizing Toner,PERRICONE MD,facial-toner-skin-toner,0.05843455760799252,0.2820437782021133,0.1253968253968254,0.16867367048928478,0.0,0.14991391642259075,0.2014258232431821,0.13445378151260504
124,MARIO BADESCU Glycolic Acid Toner,MARIO BADESCU,facial-toner-skin-toner,0.006684395888737153,0.32103620928330734,0.2340740740740741,0.28990859856302664,0.0790565957588888,0.5524290139333301,0.292067443702614,0.11904761904761905
125,SHISEIDO Eudermine Revitalizing Essence,SHISEIDO,facial-toner-skin-toner,0.07588996929901119,0.3257334788026288,0.1210727969348659,0.16867367048928478,0.0,0.14207869430991177,0.6064550461970402,0.126984126984127
126,CLINIQUE Clarifying Lotion 2 v2,CLINIQUE,facial-toner-skin-toner,0.0040271906152737035,0.19040563324988538,0.12363067292644758,0.33734734097856955,0.08212344645643191,0.08847973136169034,0.10247031813310872,0.13136288998357964
127,ORIGINS Zero Oil™ Pore Purifying Toner,ORIGINS,facial-toner-skin-toner,0.02019693811543161,0.19427047872721714,0.2507936507936508,0.24549587995220437,0.25488481040658467,0.31875266427532084,0.26596645351796083,0.29684601113172543
128,OMOROVICZA Queen of Hungary Mist,OMOROVICZA,facial-toner-skin-toner,0.16286503101204547,0.06487895651477577,0.11399711399711401,0.5665725237038531,0.23618974683337443,0.28090367806310806,0.057585542105106045,0.23323615160349853
129,SUNDAY RILEY Martian Mattifying Melting Water-Gel Toner,SUNDAY RILEY,facial-toner-skin-toner,0.06562208006900021,0.4633719746840029,0.5305495748243839,0.6859414037646839,0.5751901919467746,0.41955002672691594,0.4911291638624681,0.0
130,DERMALOGICA Multi-Active Toner,DERMALOGICA,facial-toner-skin-toner,0.021812419354286672,0.41325238262099234,0.09049255441008018,0.21778060551512238,0.2712119512867217,0.5189291348324585,0.30238007456082483,0.33613445378151263
131,KOPARI Coconut Rose Toner,KOPARI,facial-toner-skin-toner,0.02193321805111034,0.2708829097015971,0.341991341991342,0.5880805698235595,0.1555317516562629,0.266039152376782,0.18531175738372752,0.11315417256011316
132,LANEIGE Essential Power Skin Toner for Normal to Dry Skin,LANEIGE,facial-toner-skin-toner,0.017776781298710215,0.5884239273470532,0.20063492063492064,0.16867367048928478,0.21650726793059322,0.4416975878987552,0.5870770623514767,0.0
133,MURAD Clarifying Toner,MURAD,facial-toner-skin-toner,0.01770526366228228,0.40619868426642214,0.22222222222222224,0.4525418599959653,0.3888293791406572,0.7203981541888143,0.3761566578637738,0.2219140083217753
134,CLARINS Toning Lotion with Camomile,CLARINS,facial-toner-skin-toner,0.015732218280829185,0.4019812305006266,0.10972222222222223,0.35791654381527294,0.23047547876482502,0.5677262159541877,0.30178535622750435,0.332871012482663
135,LANEIGE Essential Power Skin Toner for Combination to Oily Skin,LANEIGE,facial-toner-skin-toner,0.017776781298710215,0.23564060270696008,0.12363067292644758,0.16867367048928478,0.24851269014642002,0.45593653920259003,0.3576336045338131,0.0
136,CLINIQUE Clarifying Lotion 3 v2,CLINIQUE,facial-toner-skin-toner,0.0040271906152737035,0.21029099972581197,0.2421455938697318,0.16867367048928478,0.1621501240671677,0.08153566570170481,0.13236554098837677,0.0
137,BELIF Problem Solution Toner,BELIF,facial-toner-skin-toner,0.017598781848045128,0.35315348510749583,0.16880341880341881,0.3903609503266554,0.3229260945405458,0.42825719469039153,0.3733091924106975,0.35601189417236384
138,MILK MAKEUP Matcha Toner,MILK MAKEUP,facial-toner-skin-toner,0.14324732264788329,0.3276031321389934,0.1083676268861454,0.5135201191787837,0.22863167493470643,0.42544012385797114,0.42891851772959944,0.0
139,CLINIQUE Acne Solutions Clarifying Lotion,CLINIQUE,facial-toner-skin-toner,0.008336453290222501,0.23564060270696008,0.265993265993266,0.16867367048928478,0.17164540160263245,0.154915922219325,0.2062280283006354,0.0
140,PETER THOMAS ROTH 8% Glycolic Solutions Toner,PETER THOMAS ROTH,facial-toner-skin-toner,0.03974699920937253,0.2990262965132428,0.3487858719646799,0.3968824195775981,0.2371697872766664,0.41666634599821906,0.19091664985658127,0.0
141,ORIGINS A Perfect World™ Age-Defense Treatment Lotion with White Tea,ORIGINS,facial-toner-skin-toner,0.022496945302954072,0.3228436009644062,0.1671957671957672,0.2503491565928524,0.5184391721875429,0.5453056640725372,0.26437139300667645,0.29878618113912236
142,MURAD Hydrating Toner,MURAD,facial-toner-skin-toner,0.02633029061549151,0.5270427928356828,0.43888888888888894,0.4216841762232119,0.46095095752965004,0.5091005028902095,0.33954638775279267,0.3234501347708895
143,MURAD Essential-C Toner,MURAD,facial-toner-skin-toner,0.02633029061549151,0.5192007236000029,0.4012698412698413,0.4189646343166618,0.5090399887223107,0.32812547560575533,0.3027884955849124,0.380952380952381
144,FRESH Umbrian Clay Purifying Facial Toner,FRESH,facial-toner-skin-toner,0.024642474395792185,0.24541170507763005,0.22363765038924277,0.6536133827842523,0.15427238524609072,0.13069817311362347,0.24976802082154576,0.11095700416088765
145,LANCÔME Tonique Douceur Softening Hydrating Toner with Rose Water,LANCÔME,facial-toner-skin-toner,0.016918569661574966,0.20711687962490338,0.0,0.16867367048928478,0.0,0.1467075024503252,0.23417376353820263,0.12158054711246201
146,ORIGINS United State™ Balancing Tonic,ORIGINS,facial-toner-skin-toner,0.02019693811543161,0.3744440788859836,0.1939840392879067,0.4002847565990596,0.1406098861837063,0.38285046087835223,0.3907000558382509,0.18140589569160998
147,MURAD Hydro-Dynamic® Quenching Essence,MURAD,facial-toner-skin-toner,0.44224825702580317,0.3091291457468727,0.3582766439909297,0.5441101162303502,0.24117265288471143,0.52942790077077,0.13236554098837677,0.0
148,THE INKEY LIST Glycolic Acid Toner,THE INKEY LIST,facial-toner-skin-toner,0.012332942952211432,0.31146027162501577,0.5088566827697263,0.5213567449294704,0.08247895921165456,0.23068252854239626,0.32145917097177223,0.0
149,LANEIGE Fresh Calming Toner,LANEIGE,facial-toner-skin-toner,0.012229056072943084,0.16709697617144412,0.0,0.16867367048928478,0.08356420867496579,0.1675763662698162,0.10441256959952702,0.0
150,KIEHL'S SINCE 1851 Ultra Facial Oil-Free Toner,KIEHL'S SINCE 1851,facial-toner-skin-toner,0.0046992706376016965,0.16445114257779334,0.25442834138486314,0.7506013252432457,0.2517969988267692,0.23546245449805023,0.36592357889178084,0.0
151,BELIF Bergamot Herbal Extract Toner,BELIF,facial-toner-skin-toner,0.017598781848045128,0.5620634123666197,0.1838278068644561,0.42390326034667375,0.20413542404884502,0.3784945293083787,0.6086720479459201,0.0
152,BLITHE Vital Treatment Essence for Hydrating,BLITHE,facial-toner-skin-toner,0.042047006396894994,0.39569578869019273,0.3735224586288416,0.9378889216492606,0.37311345001646323,0.38436863575493785,0.3389111847385859,0.16285134743552596
153,CLINIQUE Clarifying Lotion 1,CLINIQUE,facial-toner-skin-toner,0.007478241653087255,0.21109811759393685,0.26008230452674896,0.16867367048928478,0.16935679624793068,0.30297890862166266,0.16962174588899542,0.0
154,PROACTIV Revitalizing Toner,PROACTIV,facial-toner-skin-toner,0.02968446776396176,0.2508276875345157,0.47770219198790626,0.5441101162303502,0.0793859982412175,0.41666634599821906,0.12283267994093434,0.12030075187969926
155,DR ROEBUCK'S Lifesaver Skin Brightening Toner,DR ROEBUCK'S,facial-toner-skin-toner,0.04138014040761333,0.06888394923033397,0.24726134585289516,0.6536133827842523,0.0,0.31829593829947334,0.10247031813310872,0.0
156,FRESH Rose Floral Toner Mini,FRESH,facial-toner-skin-toner,0.03687199022496945,0.09575955824263241,0.0,0.4273094768858336,0.08505642668701875,0.09750498629111592,0.1482836911534915,0.14466546112115733
157,LANCÔME Tonique Radiance Clarifying Refining Toner,LANCÔME,facial-toner-skin-toner,0.0165778091585948,0.165105758303119,0.0,0.16867367048928478,0.0,0.16197109292987028,0.21293587028564961,0.54421768707483
158,KIEHL'S SINCE 1851 Cucumber Herbal Alcohol-Free Toner,KIEHL'S SINCE 1851,facial-toner-skin-toner,0.0046992706376016965,0.1336179882455336,0.1154970760233918,0.40379572011607523,0.0787299156111248,0.34878501203066353,0.1238395802161786,0.0
159,CLINIQUE Clarifying Lotion 4,CLINIQUE,facial-toner-skin-toner,0.007478241653087255,0.21521807465596798,0.2700854700854701,0.16867367048928478,0.0,0.08847973136169034,0.13936489391960707,0.0
160,SHISEIDO White Lucent Luminizing Infuser,SHISEIDO,facial-toner-skin-toner,0.05584704952202976,0.5215731867901151,0.22222222222222224,0.4596374978662653,0.4685075306039066,0.18022062566827737,0.36635802674583473,0.1098901098901099
161,ALGENIST Hydrating Essence Toner,ALGENIST,facial-toner-skin-toner,0.022496945302954072,0.22043508695121575,0.22652329749103944,0.5770433419717261,0.393649578055624,0.5256728676979433,0.2800546988224483,0.0
162,PERRICONE MD PRE:EMPT SERIES™ Exfoliating Pore Refiner,PERRICONE MD,facial-toner-skin-toner,0.05843455760799252,0.261417404031685,0.10575635876840697,0.48537033875948543,0.3780285630534167,0.24396145549573092,0.17242050469616385,0.10296010296010297
163,DERMALOGICA Breakout Clearing All Over Toner,DERMALOGICA,facial-toner-skin-toner,0.021778193056853305,0.14888078747067798,0.20653594771241832,0.31235936748343446,0.4465462401068485,0.24603312979210348,0.14203398050404953,0.5102040816326531
164,SK-II Cellumination Mask-In Lotion,SK-II,facial-toner-skin-toner,0.13314123046028456,0.2462995710541687,0.0,0.16867367048928478,0.1601062149402706,0.13204961000568272,0.42793486221098676,0.0
165,MARIO BADESCU Buffering Lotion,MARIO BADESCU,facial-toner-skin-toner,0.10299719686624022,0.22123321196653348,0.0,1.0,0.0,0.1775798776877138,0.10950756024206801,0.0
166,KIEHL'S SINCE 1851 Blue Astringent Herbal Lotion,KIEHL'S SINCE 1851,facial-toner-skin-toner,0.006068322534936494,0.14015245698576037,0.1210727969348659,0.31235936748343446,0.0,0.08608976838386335,0.21122491734690446,0.5254515599343186
167,EDIBLE BEAUTY No. 2 Citrus Rhapsody Toner Mist,EDIBLE BEAUTY,facial-toner-skin-toner,0.054629398658047286,0.1533925856645247,0.2180814354727398,0.3450171474682268,0.07560571261068334,0.3991968850506864,0.1839527397811229,0.0
168,CLARINS Extra-Comfort Toning Lotion,CLARINS,facial-toner-skin-toner,0.015732218280829185,0.5131164986252948,0.19291819291819293,0.41114352663676856,0.35413828211695547,0.41725579175536026,0.6442310472280711,0.272108843537415
169,ILIA Cucumber Water Stick,ILIA,facial-toner-skin-toner,0.2620810273365437,0.14015245698576037,0.24382716049382716,0.7434164584658837,0.32849378582572764,0.16016392830114454,0.1738480595239813,0.0
170,ESTÉE LAUDER Nutritious Super-Pomegranate Radiant Energy Lotion,ESTÉE LAUDER,facial-toner-skin-toner,0.045054708103655125,0.4191445801993605,0.2942271880819367,0.7228899303238623,0.5773527144815819,0.5355066955317808,0.29921481162414626,0.0
171,BOBBI BROWN Hydrating Face Tonic Toner,BOBBI BROWN,facial-toner-skin-toner,0.0229260511215217,0.28660253551026926,0.3901234567901235,0.47176099067363947,0.5730117166283369,0.26098640043190907,0.2938075097149242,0.1799775028121485
172,KIEHL'S SINCE 1851 Rare Earth Pore Refining Tonic,KIEHL'S SINCE 1851,facial-toner-skin-toner,0.008121900380938692,0.06888394923033397,0.12450748620961387,0.6977002219084124,0.0,0.16380837696907477,0.21467026093588443,0.0
173,ESTÉE LAUDER Perfectly Clean Multi-Action Toning Lotion/Refiner,ESTÉE LAUDER,facial-toner-skin-toner,0.016489463843007347,0.4877056570961976,0.21151271753681394,0.4014447323908692,0.22414870091637884,0.37264632942531944,0.26437139300667645,0.0
174,ERNO LASZLO Hydraphel Skin Supplement Lotion,ERNO LASZLO,facial-toner-skin-toner,0.04448230812485996,0.2135529847430087,0.0,0.31788768020359714,0.08107506203358385,0.08608976838386335,0.029226491999991125,0.38961038961038963
175,CLINIQUE Turnaround Revitalizing Lotion,CLINIQUE,facial-toner-skin-toner,0.023784262758656943,0.2844692708724783,0.0,0.29798963392871003,0.1601062149402706,0.30694035410545806,0.2042041104603294,0.0
176,DERMADOCTOR Ain’t Misbehavin’® Healthy Toner with Glycolic & Lactic Acid,DERMADOCTOR,facial-toner-skin-toner,0.0311219722561633,0.34537111283894195,0.22948438634713145,0.3783771201564222,0.3969299912060875,0.4095209424226869,0.3276019993124961,0.0
177,ERBORIAN Eau Ginseng,ERBORIAN,facial-toner-skin-toner,0.0287860274563358,0.2957929372347057,0.23564504101416853,0.6389177697428656,0.40365761817568224,0.4763815044508807,0.2207033866946768,0.0
178,ANTHONY Astringent Toner Pads,ANTHONY,facial-toner-skin-toner,0.06849708905340329,0.1917628222499894,0.10449735449735449,0.32081283654816034,0.07384744022438838,0.3020019305124834,0.2014258232431821,0.10113780025284451
179,KORRES Pomegranate Tonic Lotion,KORRES,facial-toner-skin-toner,0.01245993168876582,0.18965894449204268,0.38164251207729466,0.7228899303238623,0.2506926260248974,0.23791216655032288,0.17529490563325575,0.13445378151260504
180,MARIO BADESCU Cucumber Cleansing Lotion,MARIO BADESCU,facial-toner-skin-toner,0.004528139150434846,0.16576490424107668,0.12721417069243157,0.37286044598935464,0.08356420867496579,0.4781106569171271,0.17676143672360875,0.1376936316695353
181,MARIO BADESCU Special Cucumber Lotion,MARIO BADESCU,facial-toner-skin-toner,0.004528139150434846,0.19267713905005945,0.12629896083133493,0.3626495554072718,0.08319929946677818,0.4095209424226869,0.18128324091886386,0.1360544217687075
182,ERNO LASZLO Light Controlling Lotion,ERNO LASZLO,facial-toner-skin-toner,0.04448230812485996,0.04531610748108762,0.0,0.16867367048928478,0.0,0.014988369793510387,0.03061672513296368,1.0
183,FRESH Crème Ancienne® Infusion Toner,FRESH,facial-toner-skin-toner,0.12599726874146483,0.3924539039468975,0.1020671834625323,0.3765033131081144,0.5209706134579899,0.47504429321031677,0.3524951906755686,0.2981366459627329
184,SON & PARK Beauty Water,SON & PARK,facial-toner-skin-toner,0.008759957205153471,0.38762248806239114,0.265993265993266,0.5566254403252587,0.3600179137562376,0.5088179122456395,0.3775808023117482,0.15873015873015872
185,PETER THOMAS ROTH Un-Wrinkle Turbo™ Line Smoothing Toning Lotion,PETER THOMAS ROTH,facial-toner-skin-toner,0.02635889767006269,0.46900749608434916,0.19082125603864733,0.28623469530268,0.42339199061982674,0.6645132927784879,0.7010156527801299,0.0
186,KIEHL'S SINCE 1851 Ultra Facial Cream,KIEHL'S SINCE 1851,moisturizer-skincare,0.09521776079079662,0.5580090153166262,0.19615145872129114,0.232270604118496,0.2132758161704351,0.4405633462214912,0.5821291162159103,0.0
187,DRUNK ELEPHANT Protini™ Polypeptide Moisturizer,DRUNK ELEPHANT,moisturizer-skincare,0.22510852520970345,0.6672736770666617,0.18287037037037038,0.27352539532285347,0.27218056539846003,0.6022401649472439,0.5815907701106688,0.0
188,LA MER Crème de la Mer,LA MER,moisturizer-skincare,1.0,0.4048541792756649,0.0,0.28990859856302664,0.3594837656206076,0.3889161151309794,0.4944497582852191,0.4761904761904762
189,TATCHA The Water Cream,TATCHA,moisturizer-skincare,0.22374757421116942,0.27958194139867504,0.21540558963871848,0.33734734097856955,0.3036277223568478,0.23401196709867822,0.4234626609577595,0.0
190,DRUNK ELEPHANT Lala Retro™ Whipped Moisturizer,DRUNK ELEPHANT,moisturizer-skincare,0.1978895052390234,0.43206662098133825,0.0,0.41499200819354143,0.21815999516670462,0.2791851632791193,0.3416449046168889,0.0
191,DR. JART+ Ceramidin™ Cream,DR. JART+,moisturizer-skincare,0.1570609752830034,0.695871224189903,0.1721132897603486,0.5119954687233284,0.5617596699436801,0.6149272258808937,0.6295614183709003,0.0761904761904762
192,THE ORDINARY Hyaluronic Acid 2% + B5,THE ORDINARY,moisturizer-skincare,0.03284697764680515,0.16576490424107668,0.0,0.16867367048928478,0.08356420867496579,0.24040305023372616,0.17676143672360875,0.1376936316695353
193,LA MER The Moisturizing Soft Cream,LA MER,moisturizer-skincare,1.0,0.7056302836506736,0.07417840375586854,0.23556043512670508,0.6728915200092871,0.6209258149267846,0.5471119453286822,0.3167133520074697
194,DRUNK ELEPHANT Virgin Marula Antioxidant Face Oil,DRUNK ELEPHANT,moisturizer-skincare,0.40774814921296626,0.0,0.0,0.16867367048928478,0.0,0.03223634240645057,0.0012589113952698868,0.0
195,TATCHA The Dewy Skin Cream,TATCHA,moisturizer-skincare,0.22374757421116942,0.3659618368428358,0.09288653733098177,0.2795153706491209,0.20634627701688305,0.300761094856825,0.3093707454179928,0.0
196,BELIF The True Cream Aqua Bomb,BELIF,moisturizer-skincare,0.12380678570572919,0.4946641679982388,0.0,0.21378470228581184,0.13094597648035877,0.41938224217258385,0.646413337990786,0.15655577299412915
197,LA MER Limited Edition Blue Heart Crème de la Mer,LA MER,moisturizer-skincare,0.8224259156692217,0.4048541792756649,0.0,0.28990859856302664,0.3594837656206076,0.3889161151309794,0.4944497582852191,0.4761904761904762
198,CLINIQUE Moisture Surge 72-Hour Auto-Replenishing Hydrator,CLINIQUE,moisturizer-skincare,0.1256590323903586,0.5304634133347684,0.0,0.5135201191787837,0.5377761171179251,0.4236180488744145,0.5029147973878159,0.0
199,LA MER Crème de la Mer Mini,LA MER,moisturizer-skincare,0.9712499101559693,0.4048541792756649,0.0,0.28990859856302664,0.3594837656206076,0.3889161151309794,0.4944497582852191,0.4761904761904762
200,FRESH Lotus Youth Preserve Moisturizer,FRESH,moisturizer-skincare,0.1590598720621002,0.477219182069333,0.3079922027290448,0.3765033131081144,0.5189434904484258,0.5766723474931714,0.4350347668481239,0.09685230024213076
201,IT COSMETICS CC+ Cream Oil-Free Matte with SPF 40,IT COSMETICS,moisturizer-skincare,0.20138639322136773,0.5866253427828663,0.33766223407285867,0.49377337409413263,0.6990337987588942,0.7573750949141255,0.6747763153889569,0.0
202,TATCHA The Essence Plumping Skin Softener,TATCHA,moisturizer-skincare,0.10085503330923404,0.09449761057586904,0.13199665831244778,0.16867367048928478,0.0,0.09350478172532657,0.10640840041674307,0.0
203,FRESH Rose Deep Hydration Moisturizer,FRESH,moisturizer-skincare,0.14468482714008482,0.5374333297122157,0.20775805391190005,0.3882698902872395,0.22154232067316515,0.3779365051455647,0.5472995572983257,0.09937888198757765
204,BELIF The True Cream Moisturizing Bomb,BELIF,moisturizer-skincare,0.12380678570572919,0.6620330205028906,0.17555555555555558,0.6031796527055757,0.33192751877860976,0.5171255959420885,0.6805507147976313,0.0
205,FIRST AID BEAUTY Ultra Repair® Cream Intense Hydration,FIRST AID BEAUTY,moisturizer-skincare,0.02441361795922279,0.4289137422681628,0.11111111111111112,0.4596374978662653,0.3110635033125258,0.18512590547874885,0.40819064421088225,0.11095700416088765
206,THE ORDINARY Natural Moisturizing Factors + HA,THE ORDINARY,moisturizer-skincare,0.027096959677998998,0.424474317251536,0.10512308715901532,0.33032153442684004,0.22414870091637884,0.0,0.23476526984895013,0.0
207,SUNDAY RILEY Luna Retinol Sleeping Night Oil,SUNDAY RILEY,moisturizer-skincare,0.5054009967509961,0.13682416955004248,0.0,0.5665725237038531,0.2751283693558441,0.2216273196685766,0.10189776940537446,0.17057569296375266
208,CLINIQUE Dramatically Different Moisturizing Gel,CLINIQUE,moisturizer-skincare,0.032080308584297654,0.41943752175209925,0.21540558963871848,0.34109495507518506,0.3036277223568478,0.3164800398412847,0.35361422302691964,0.0
209,DR. JART+ Cicapair ™ Tiger Grass Color Correcting Treatment SPF 30,DR. JART+,moisturizer-skincare,0.16962975803417032,0.48728455798172693,0.08320168509741971,0.20527304045561057,0.4116253614723385,0.6152908870435888,0.7261488504361602,0.22263450834879409
210,FRESH Lotus Youth Preserve Dream Night Cream,FRESH,moisturizer-skincare,0.1662473945231079,0.5554387382404756,0.09918392969240428,0.30018156142828323,0.3622174824694335,0.37004904435784963,0.5699360178979217,0.38415366146458585
211,CLINIQUE Dramatically Different Moisturizing Lotion+,CLINIQUE,moisturizer-skincare,0.032080308584297654,0.38081126649977076,0.11253561253561253,0.27352539532285347,0.07744975438167563,0.44248037440841625,0.30583352807219244,0.0
212,SUNDAY RILEY Tidal Brightening Enzyme Water Cream,SUNDAY RILEY,moisturizer-skincare,0.2136004836779821,0.38926889693382594,0.265993265993266,0.48816359150230443,0.40110820163983585,0.7302013599793019,0.6242567338188023,0.0
213,CAUDALIE Vinoperfect Brightening Glycolic Overnight Cream,CAUDALIE,moisturizer-skincare,0.22734133544167326,0.5741148204272,0.10326797385620916,0.09260408745984701,0.07327938299189309,0.5808238202988435,0.5370587950015357,0.20050125313283207
214,SUPERGOOP! Everyday Sunscreen Broad Spectrum SPF 50,SUPERGOOP!,moisturizer-skincare,0.03926783104530535,0.608042562266662,0.08956916099773242,0.2681483837929269,0.33781275847326603,0.6180768556623871,0.5848975691491106,0.3312629399585922
215,CHARLOTTE TILBURY Magic Cream Moisturizer,CHARLOTTE TILBURY,moisturizer-skincare,0.3319832065651676,0.5871031282867537,0.0,0.2707670582393197,0.5502567387116882,0.6147482910751934,0.608276849607873,0.33613445378151263
216,PETER THOMAS ROTH Water Drench Hyaluronic Cloud Cream,PETER THOMAS ROTH,moisturizer-skincare,0.16962975803417032,0.4788147585767488,0.1020671834625323,0.31507115035458794,0.3692372011219419,0.3379758824179955,0.42277562714204636,0.0
217,OLEHENRIKSEN Sheer Transformation® Perfecting Moisturizer,OLEHENRIKSEN,moisturizer-skincare,0.12904139590142105,0.5600578889027505,0.1838278068644561,0.32385437842367437,0.4126925540337661,0.5172264503565657,0.37277856400791665,0.0
218,BOBBI BROWN Vitamin Enriched Face Base Priming Moisturizer,BOBBI BROWN,moisturizer-skincare,0.19668866612266994,0.6322675948551749,0.31163708086785014,0.31235936748343446,0.14655876598378617,0.5528532722706274,0.5801063709403644,0.3007518796992481
219,ORIGINS GinZing™ Energy-Boosting Gel Moisturizer,ORIGINS,moisturizer-skincare,0.09352657903526537,0.5253182664523521,0.2620232172470979,0.4362284880743626,0.46469852629005376,0.47228266130045665,0.4706542672303516,0.07722007722007723
220,BIOSSANCE Squalane + Vitamin C Rose Oil,BIOSSANCE,moisturizer-skincare,0.40774814921296626,0.12311532701892232,0.0,0.16867367048928478,0.0869983542369507,0.022337505950328376,0.03622766605093203,0.0
221,GLOW RECIPE Watermelon Pink Juice Oil-Free Moisturizer,GLOW RECIPE,moisturizer-skincare,0.10587220585064329,0.36425771510333355,0.1994949494949495,0.6184727114725098,0.43631999033340924,0.22290380410348784,0.4078307117800158,0.0
222,THE ORDINARY Vitamin C Suspension 23% + HA Spheres 2%,THE ORDINARY,moisturizer-skincare,0.027096959677998998,0.18818096262084893,0.0,0.16867367048928478,0.08430371494642568,0.1583861484631298,0.36312213928115716,0.0
223,JOSIE MARAN 100 percent Pure Argan Oil,JOSIE MARAN,moisturizer-skincare,0.15948266750098306,0.024833510469924446,0.0,0.16867367048928478,0.0,0.028677937144445866,0.0,0.0
224,ORIGINS Dr. Andrew Weil For Origins™ Mega-Mushroom Relief & Resilience Soothing Treatment Lotion,ORIGINS,moisturizer-skincare,0.0229260511215217,0.35921428083321183,0.0835978835978836,0.24866544591176426,0.7083992896634622,0.37971271240047266,0.31927758564221065,0.14842300556586271
225,SHISEIDO WASO: Clear Mega-Hydrating Moisturizer,SHISEIDO,moisturizer-skincare,0.12152503254350447,0.6452579171137085,0.1972534332084894,0.16867367048928478,0.28650585831416847,0.2603550285377865,0.524647576717382,0.3778040141676506
226,FARSÁLI Unicorn Essence Antioxidant Primer Serum,FARSÁLI,moisturizer-skincare,0.3042478257744556,0.1731697665552738,0.10770279481935924,0.5727913905743238,0.15121142522136669,0.5172674596479776,0.3099786621167533,0.0
227,IT COSMETICS Secret Sauce Anti-Aging Moisturizer,IT COSMETICS,moisturizer-skincare,0.1892474663983325,0.7880646677641869,0.2569105691056911,0.331830666811502,0.7473243242738027,0.5969171874765229,0.9348515909548978,0.0
228,SK-II R.N.A. POWER Face Cream,SK-II,moisturizer-skincare,0.4835632009498178,0.7867349420805732,0.09239766081871345,0.2218191834391149,0.4867462665884869,0.44726832732531746,0.6447803920249321,0.08465608465608467
229,OLEHENRIKSEN Goodnight Glow Retin-ALT Sleeping Crème,OLEHENRIKSEN,moisturizer-skincare,0.17977684856735765,0.5696829539806997,0.4367053620784964,0.34704225570677055,0.46148261953372116,0.6127181105480406,0.6086009805350863,0.15340364333652926
230,YOUTH TO THE PEOPLE Adaptogen Deep Moisture Cream with Ashwagandha + Reishi,YOUTH TO THE PEOPLE,moisturizer-skincare,0.16049737655430174,0.34031793971931745,0.0,0.47294812308933754,0.37358116819396475,0.16380837696907477,0.27935450239956067,0.0
231,GLAMGLOW GLOWSTARTER™ Mega Illuminating Moisturizer,GLAMGLOW,moisturizer-skincare,0.15948266750098306,0.4903757781167315,0.2620232172470979,0.38662497478313496,0.7405619623915697,0.8322391230680652,0.5466214417737337,0.23483365949119375
232,CAUDALIE Vinosource Moisturizing Sorbet,CAUDALIE,moisturizer-skincare,0.1662473945231079,0.5702841351991242,0.0,0.09682888223336075,0.14655876598378617,0.33298872676777325,0.5978318433857644,0.0
233,YOUTH TO THE PEOPLE Superfood Hyaluronic Acid Moisturizer,YOUTH TO THE PEOPLE,moisturizer-skincare,0.13174728671027097,0.424474317251536,0.0,0.5997307614717339,0.8416828729189326,0.4972754300846913,0.4002295351778731,0.0
234,SUPERGOOP! Superscreen Daily Moisturizer Broad Spectrum SPF 40 PA+++,SUPERGOOP!,moisturizer-skincare,0.12227666887929615,0.29367293489146234,0.0,0.16867367048928478,0.0800531074701353,0.33094758120707235,0.42793486221098676,0.0
235,FARMACY Honey Drop Lightweight Moisturizer,FARMACY,moisturizer-skincare,0.14595321345673326,0.5121831194492276,0.2646566164154104,0.6762736456603715,0.46795956857980847,0.4682087453331838,0.5937689100035214,0.0
236,FIRST AID BEAUTY Hello FAB Coconut Skin Smoothie Priming Moisturizer,FIRST AID BEAUTY,moisturizer-skincare,0.08845303376867171,0.39670379002169454,0.18005698005698006,0.39959808196644997,0.4763159894473051,0.5264972063927654,0.7088972312113574,0.0
237,SUNDAY RILEY C.E.O Vitamin C Rich Hydration Cream,SUNDAY RILEY,moisturizer-skincare,0.2136004836779821,0.6747411477536679,0.2757417102966841,0.6597507797830573,0.8405576284364208,0.4528084533241221,0.6638849235213486,0.16684045881126175
238,CLINIQUE Clinique iD™ Custom-Blend Hydrator Collection,CLINIQUE,moisturizer-skincare,0.047139879454980424,0.26797829864798683,0.22507122507122507,0.2707670582393197,0.392029620944284,0.3925635535024929,0.24802071247533986,0.0
239,IT COSMETICS Confidence in a Cream Hydrating Moisturizer,IT COSMETICS,moisturizer-skincare,0.13174728671027097,1.0,0.31262355317123514,0.3651052901103335,0.5163191607027611,0.7407961453043116,1.0,0.22299651567944254
240,LA MER The Moisturizing Cool Gel Cream,LA MER,moisturizer-skincare,1.0,0.5262133180449885,0.0,0.29381915240297324,0.45831091768125576,0.626497001123245,0.4854794679572162,0.3068072866730585
241,TARTE Drink of H2O Hydrating Boost Moisturizer Rainforest of the Sea™,TARTE,moisturizer-skincare,0.1256590323903586,0.29529575402262925,0.0,0.16867367048928478,0.3635999919445077,0.3379758824179955,0.437705103541926,0.2881152460984394
242,LANEIGE Water Bank Moisture Cream,LANEIGE,moisturizer-skincare,0.1195284985265579,0.8800996943484527,0.0,0.2211014726649183,0.4112080484437166,0.6334368616342111,0.9966337537674659,0.0
243,LANCÔME UV Expert Aquagel Defense Primer & Moisturizer SPF 50,LANCÔME,moisturizer-skincare,0.21799755624236328,0.34847060692441867,0.1090407177363699,0.16867367048928478,0.22954987443243619,0.2948395810630698,0.5260908779854471,0.0
244,TATCHA The Silk Cream,TATCHA,moisturizer-skincare,0.3996304767864165,0.5174881822749505,0.10387902695595003,0.24474325351872256,0.22240435304932532,0.3257388801280984,0.39321823754864677,0.0
245,ALGENIST GENIUS Sleeping Collagen,ALGENIST,moisturizer-skincare,0.2754977359304248,0.6482132765322005,0.3923029174425823,0.3505260625998976,0.5013852520497948,0.41279193089698407,0.4220889766851782,0.0
246,IT COSMETICS Bye Bye Redness Neutralizing Color-Correcting Cream,IT COSMETICS,moisturizer-skincare,0.49104570681513116,0.6890650732179691,0.15614399219301886,0.49196551884669704,0.8911500568524757,0.6822568410375068,0.7008247687762128,0.0
247,OLEHENRIKSEN Counter Balance™ Oil Control Hydrator,OLEHENRIKSEN,moisturizer-skincare,0.11551194185717126,0.31352682186668246,0.5015873015873016,0.5502669108176471,0.43301453586118643,0.5043105999816452,0.39558710859890506,0.09216589861751152
248,DIOR Capture Totale Dreamskin Advanced,DIOR,moisturizer-skincare,0.6549989218716309,0.42133770222157885,0.0933806146572104,0.16867367048928478,0.4187393313822462,0.5783942083526324,0.5114134306124463,0.17316017316017318
249,FARSÁLI Rose Gold Elixir – 24k Gold Infused Beauty Oil,FARSÁLI,moisturizer-skincare,0.3042478257744556,0.09408278348817867,0.0,0.6342157942924537,0.3327971978671127,0.32812547560575533,0.10540364997108978,0.0
250,ESTÉE LAUDER Revitalizing Supreme Global Anti-Aging Crème,ESTÉE LAUDER,moisturizer-skincare,0.27110066336604366,0.5575659431611362,0.09143518518518519,0.42390326034667375,0.6258166284709118,0.7397969232596849,0.44980636459944084,0.0
251,ALGENIST GENIUS Ultimate Anti-Aging Cream,ALGENIST,moisturizer-skincare,0.31574786171206787,0.48454816125088784,0.09974747474747475,0.4273094768858336,0.21650726793059322,0.25720546087916857,0.5666195984275599,0.09445100354191265
252,TATCHA The Indigo Cream Soothing Skin Protectant,TATCHA,moisturizer-skincare,0.28124775389923096,0.3746192133859534,0.0,0.2844811533030214,0.2101394071091052,0.25897986344683044,0.3428934334098781,0.0
253,JOSIE MARAN Whipped Argan Oil Face Butter,JOSIE MARAN,moisturizer-skincare,0.1358061229235459,0.4709365995713831,0.0986267166042447,0.234427615958784,0.0,0.2688266309155062,0.39321823754864677,0.0
254,SHISEIDO Benefiance WrinkleResist24 Night Cream,SHISEIDO,moisturizer-skincare,0.20683575665585727,0.5965254746039887,0.0,0.1017869058518645,0.43967629795135854,0.19999859978782383,0.4355038325699958,0.2905569007263923
255,ORIGINS Dr. Andrew Weil For Origins™ Mega-Bright SPF 30 Skin Tone Correcting Oil-Free Moisturizer,ORIGINS,moisturizer-skincare,0.18315921207842015,0.7147723023244875,0.44310166972637466,0.3450171474682268,0.286978120717983,0.5652241339210438,0.6149846595516277,0.23010546500479387
256,DR. JART+ Cicapair™ Tiger Grass Cream,DR. JART+,moisturizer-skincare,0.15610030398992056,0.48637117935371993,0.0,0.20866761844167533,0.25488481040658467,0.4374542144730133,0.36473073073758655,0.14652014652014653
257,KIEHL'S SINCE 1851 Calendula Serum-Infused Water Cream,KIEHL'S SINCE 1851,moisturizer-skincare,0.15610030398992056,0.2660733264634762,0.0,0.33032153442684004,0.15002078407789135,0.2546116120897591,0.3464524159782732,0.4272363150867824
258,JACK BLACK Double-Duty Face Moisturizer Broad Spectrum SPF 20,JACK BLACK,moisturizer-skincare,0.04253488670939975,0.4008704607845323,0.1939840392879067,0.34772893033938024,0.28331062569356436,0.43859075200016245,0.42211846436179895,0.2742857142857143
259,JOSIE MARAN Argan Daily Moisturizer SPF 47,JOSIE MARAN,moisturizer-skincare,0.0914971609286279,0.42156259081128883,0.1083676268861454,0.2588957340823389,0.3060664992432482,0.23791216655032288,0.3285685972209594,0.0
260,ORIGINS GinZing™ SPF 40 Energy-Boosting Tinted Moisturizer,ORIGINS,moisturizer-skincare,0.1256590323903586,0.7406984067489056,0.2292891242181303,0.33734734097856955,0.5043542451438121,1.0,0.876704400920621,0.3131115459882583
261,SUNDAY RILEY Juno Antioxidant + Superfood Face Oil,SUNDAY RILEY,moisturizer-skincare,0.34459540948777334,0.0434369440193537,0.0,0.7506013252432457,0.30484223324627524,0.08044161369017065,0.061325823891873264,0.0
262,FIRST AID BEAUTY Ultra Repair Face Moisturizer,FIRST AID BEAUTY,moisturizer-skincare,0.07492357972442193,0.3834836262646814,0.11041229909154439,0.5566254403252587,0.3888293791406572,0.18850964016282412,0.3099786621167533,0.0
263,DERMALOGICA Dynamic Skin Recovery SPF50 Moisturizer,DERMALOGICA,moisturizer-skincare,0.24065939176648166,0.6511902704310605,0.09049255441008018,0.3651052901103335,0.5502567387116882,0.5883336709261651,0.6824564258990516,0.33613445378151263
264,CLINIQUE Moisture Surge Intense Skin Fortifying Hydrator,CLINIQUE,moisturizer-skincare,0.1256590323903586,0.49577315827328644,0.22652329749103944,0.3783771201564222,0.31362369675542723,0.32812547560575533,0.3643180107354946,0.0
265,SEPHORA COLLECTION Nourishing Moisturizer - Hydrate & Repair,SEPHORA COLLECTION,moisturizer-skincare,0.04818489540028333,0.6185223936267444,0.0,0.3968824195775981,0.22327312005342426,0.45125556075875695,0.6666845456014222,0.10113780025284451
266,MARC JACOBS BEAUTY Youthquake Hydra-full Retexturizing Gel Crème Moisturizer,MARC JACOBS BEAUTY,moisturizer-skincare,0.1933063026116074,0.48144804386566226,0.09753086419753088,0.29381915240297324,0.2132758161704351,0.5982012983864248,0.7452755459997737,0.09142857142857144
267,ORIGINS Original Skin™ Matte Moisturizer with Willowherb,ORIGINS,moisturizer-skincare,0.061394125680172176,0.37875654294699956,0.2594417077175698,0.31674710200027933,0.35393476796886286,0.5694451324891855,0.6220713274098182,0.3109815354713314
268,BIOSSANCE Squalane + Probiotic Gel Moisturizer,BIOSSANCE,moisturizer-skincare,0.1706704852683434,0.29367293489146234,0.22652329749103944,0.27352539532285347,0.1555317516562629,0.13204961000568272,0.25153663780612007,0.0
269,MILK MAKEUP Cooling Water,MILK MAKEUP,moisturizer-skincare,0.10874721483504637,0.26638910191768,0.0,0.16867367048928478,0.0,0.24293615228464477,0.2551393761080306,0.0
270,DERMALOGICA Active Moist Moisturizer,DERMALOGICA,moisturizer-skincare,0.10536485132398395,0.5982999753181659,0.2673434856175973,0.40523114166446833,0.4712667033400898,0.5274974825175965,0.5182488416165003,0.07936507936507936
271,OMOROVICZA Rejuvenating Night Cream,OMOROVICZA,moisturizer-skincare,0.7886022805585974,0.4709365995713831,0.1994949494949495,0.4765715926196056,0.5109903335066874,0.38335811380295887,0.18244328492707068,0.28571428571428575
272,HERBIVORE Pink Cloud Rosewater Moisture Crème,HERBIVORE,moisturizer-skincare,0.15610030398992056,0.42998317383101853,0.0,0.5406806225850003,0.5666212513871287,0.38271426612436643,0.44465302625666786,0.08724100327153762
273,PHILOSOPHY Renewed Hope in A Jar Facial Moisturizer,PHILOSOPHY,moisturizer-skincare,0.10587220585064329,0.4877056570961976,0.3044315992292871,0.0993971229496749,0.43967629795135854,0.37264632942531944,0.6726947325965041,0.19207683073229292
274,BELIF Peat Miracle Revital Cream,BELIF,moisturizer-skincare,0.1922593805724691,0.5703392099220775,0.08399787347155768,0.23733725423255383,0.12787006428115572,0.4407667016531308,0.5129566817809965,0.08163265306122448
275,SHISEIDO Bio-Performance Advanced Super Revitalizing Cream,SHISEIDO,moisturizer-skincare,0.27110066336604366,0.5462498034692076,0.0,0.26329510715227883,0.1530332496216241,0.1193461032203259,0.33288267630715357,0.108843537414966
276,DR. DENNIS GROSS SKINCARE Ferulic + Retinol Anti-Aging Moisturizer,DR. DENNIS GROSS SKINCARE,moisturizer-skincare,0.2474241187886065,0.7506387334708323,0.42404723564143854,0.3862176254248072,0.6524876567771302,0.6431416428933172,0.7168619492431422,0.3439367649893965
277,KIEHL'S SINCE 1851 Ultra Facial Oil-Free Gel-Cream,KIEHL'S SINCE 1851,moisturizer-skincare,0.09521776079079662,0.20790236711609109,0.12276612276612277,0.33032153442684004,0.16424689291286382,0.14829828147532517,0.5023313387819766,0.0
278,HERBIVORE Emerald Hemp Seed Deep Moisture Glow Oil,HERBIVORE,moisturizer-skincare,0.26974771796161867,0.2641833896108266,0.1838278068644561,0.5770433419717261,0.4126925540337661,0.40729225702174715,0.244995473341117,0.0
279,SHISEIDO Benefiance WrinkleResist24 Day Cream Broad Spectrum SPF 18,SHISEIDO,moisturizer-skincare,0.18541412108579508,0.5646290255190693,0.10326797385620916,0.09406666563212862,0.5250727442726197,0.2688266309155062,0.5870770623514767,0.09937888198757765
280,HERBIVORE Lapis Balancing Facial Oil,HERBIVORE,moisturizer-skincare,0.23727702825541924,0.21191078266390453,0.0,0.3072267655685046,0.2432251861007515,0.23068252854239626,0.0633052587335715,0.12422360248447205
